Time,URL,Status,Size,Redirection
Mon Mar  8 01:36:30 2021,http://yahoo.com:80/..;/,301,8,"https://yahoo.com/.."
Mon Mar  8 01:36:30 2021,http://yahoo.com:80/account/login.shtml,301,8,"https://yahoo.com/account/login.shtml"
Mon Mar  8 01:36:30 2021,http://yahoo.com:80/accounts/login.shtml,301,8,"https://yahoo.com/accounts/login.shtml"
Mon Mar  8 01:36:30 2021,http://yahoo.com:80/admin/admin.shtml,301,8,"https://yahoo.com/admin/admin.shtml"
Mon Mar  8 01:36:30 2021,http://yahoo.com:80/adminhtml,301,8,"https://yahoo.com/adminhtml"
Mon Mar  8 01:36:30 2021,http://yahoo.com:80/adminphp,301,8,"https://yahoo.com/adminphp"
Mon Mar  8 01:36:30 2021,http://yahoo.com:80/admintxt,301,8,"https://yahoo.com/admintxt"
Mon Mar  8 01:36:30 2021,http://yahoo.com:80/administration.shtml,301,8,"https://yahoo.com/administration.shtml"
Mon Mar  8 01:36:30 2021,http://yahoo.com:80/Administration.shtml,301,8,"https://yahoo.com/Administration.shtml"
Mon Mar  8 01:36:30 2021,http://yahoo.com:80/administrator.shtml,301,8,"https://yahoo.com/administrator.shtml"
Mon Mar  8 01:36:30 2021,http://yahoo.com:80/Administrator.shtml,301,8,"https://yahoo.com/Administrator.shtml"
Mon Mar  8 01:36:30 2021,http://yahoo.com:80/admin.rhtml,301,8,"https://yahoo.com/admin.rhtml"
Mon Mar  8 01:36:30 2021,http://yahoo.com:80/admin.shtml,301,8,"https://yahoo.com/admin.shtml"
Mon Mar  8 01:36:30 2021,http://yahoo.com:80/Admin.shtml,301,8,"https://yahoo.com/Admin.shtml"
Mon Mar  8 01:36:30 2021,http://yahoo.com:80/admin.thtml,301,8,"https://yahoo.com/admin.thtml"
Mon Mar  8 01:36:30 2021,http://yahoo.com:80/adm.shtml,301,8,"https://yahoo.com/adm.shtml"
Mon Mar  8 01:36:30 2021,http://yahoo.com:80/Adm.shtml,301,8,"https://yahoo.com/Adm.shtml"
Mon Mar  8 01:36:30 2021,http://yahoo.com:80/auth/login.shtml,301,8,"https://yahoo.com/auth/login.shtml"
Mon Mar  8 01:36:30 2021,http://yahoo.com:80/cache_html,301,8,"https://yahoo.com/cache_html"
Mon Mar  8 01:36:30 2021,http://yahoo.com:80/constant,301,8,"https://www.yahoo.com/"
Mon Mar  8 01:36:30 2021,http://yahoo.com:80/consulting,301,8,"https://www.yahoo.com/"
Mon Mar  8 01:36:30 2021,http://yahoo.com:80/constants,301,8,"https://www.yahoo.com/"
Mon Mar  8 01:36:30 2021,http://yahoo.com:80/consumer,301,8,"https://www.yahoo.com/"
Mon Mar  8 01:36:30 2021,http://yahoo.com:80/contact,301,8,"https://www.yahoo.com/"
Mon Mar  8 01:36:30 2021,http://yahoo.com:80/cont,301,8,"https://www.yahoo.com/"
Mon Mar  8 01:36:30 2021,http://yahoo.com:80/contact_admin.html,301,8,"https://www.yahoo.com/"
Mon Mar  8 01:36:30 2021,http://yahoo.com:80/contact_admin.php,301,8,"https://www.yahoo.com/"
Mon Mar  8 01:36:30 2021,http://yahoo.com:80/contact_admin.txt,301,8,"https://www.yahoo.com/"
Mon Mar  8 01:36:30 2021,http://yahoo.com:80/Contact,301,8,"https://www.yahoo.com/"
Mon Mar  8 01:36:30 2021,http://yahoo.com:80/contact-form,301,8,"https://www.yahoo.com/"
Mon Mar  8 01:36:30 2021,http://yahoo.com:80/contactinfo,301,8,"https://www.yahoo.com/"
Mon Mar  8 01:36:30 2021,http://yahoo.com:80/contact_bean,301,8,"https://www.yahoo.com/"
Mon Mar  8 01:36:30 2021,http://yahoo.com:80/contacto,301,8,"https://www.yahoo.com/"
Mon Mar  8 01:36:30 2021,http://yahoo.com:80/contact-us,301,8,"https://www.yahoo.com/"
Mon Mar  8 01:36:30 2021,http://yahoo.com:80/contact_us,301,8,"https://www.yahoo.com/"
Mon Mar  8 01:36:30 2021,http://yahoo.com:80/contacts,301,8,"https://www.yahoo.com/"
Mon Mar  8 01:36:30 2021,http://yahoo.com:80/contactus.html,301,8,"https://www.yahoo.com/"
Mon Mar  8 01:36:30 2021,http://yahoo.com:80/contactus,301,8,"https://www.yahoo.com/"
Mon Mar  8 01:36:30 2021,http://yahoo.com:80/contactus.php,301,8,"https://www.yahoo.com/"
Mon Mar  8 01:36:30 2021,http://yahoo.com:80/contao,301,8,"https://www.yahoo.com/"
Mon Mar  8 01:36:30 2021,http://yahoo.com:80/contactus.txt,301,8,"https://www.yahoo.com/"
Mon Mar  8 01:36:30 2021,http://yahoo.com:80/Content,301,8,"https://www.yahoo.com/"
Mon Mar  8 01:36:30 2021,http://yahoo.com:80/contenido,301,8,"https://www.yahoo.com/"
Mon Mar  8 01:36:30 2021,http://yahoo.com:80/content,301,8,"https://www.yahoo.com/"
Mon Mar  8 01:36:30 2021,http://yahoo.com:80/contato,301,8,"https://www.yahoo.com/"
Mon Mar  8 01:36:30 2021,http://yahoo.com:80/content_admin,301,8,"https://www.yahoo.com/"
Mon Mar  8 01:36:30 2021,http://yahoo.com:80/content/debug.log,301,8,"https://www.yahoo.com/"
Mon Mar  8 01:36:30 2021,http://yahoo.com:80/content.html,301,8,"https://www.yahoo.com/"
Mon Mar  8 01:36:30 2021,http://yahoo.com:80/content.php,301,8,"https://www.yahoo.com/"
Mon Mar  8 01:36:30 2021,http://yahoo.com:80/contentadmin,301,8,"https://www.yahoo.com/"
Mon Mar  8 01:36:30 2021,http://yahoo.com:80/contents,301,8,"https://www.yahoo.com/"
Mon Mar  8 01:36:30 2021,http://yahoo.com:80/contest,301,8,"https://www.yahoo.com/"
Mon Mar  8 01:36:30 2021,http://yahoo.com:80/contests,301,8,"https://www.yahoo.com/"
Mon Mar  8 01:36:30 2021,http://yahoo.com:80/contract,301,8,"https://www.yahoo.com/"
Mon Mar  8 01:36:30 2021,http://yahoo.com:80/.contracts,301,8,"https://www.yahoo.com/"
Mon Mar  8 01:36:30 2021,http://yahoo.com:80/contracts,301,8,"https://www.yahoo.com/"
Mon Mar  8 01:36:30 2021,http://yahoo.com:80/contrib,301,8,"https://www.yahoo.com/"
Mon Mar  8 01:36:30 2021,http://yahoo.com:80/contribute,301,8,"https://www.yahoo.com/"
Mon Mar  8 01:36:30 2021,http://yahoo.com:80/contributing.md,301,8,"https://www.yahoo.com/"
Mon Mar  8 01:36:30 2021,http://yahoo.com:80/CONTRIBUTING.md,301,8,"https://www.yahoo.com/"
Mon Mar  8 01:36:30 2021,http://yahoo.com:80/contributor,301,8,"https://www.yahoo.com/"
Mon Mar  8 01:36:30 2021,http://yahoo.com:80/contributors.txt,301,8,"https://www.yahoo.com/"
Mon Mar  8 01:36:30 2021,http://yahoo.com:80/control,301,8,"https://www.yahoo.com/"
Mon Mar  8 01:36:30 2021,http://yahoo.com:80/control/,301,8,"https://www.yahoo.com/"
Mon Mar  8 01:36:30 2021,http://yahoo.com:80/controller,301,8,"https://www.yahoo.com/"
Mon Mar  8 01:36:30 2021,http://yahoo.com:80/controller.php,301,8,"https://www.yahoo.com/"
Mon Mar  8 01:36:30 2021,http://yahoo.com:80/controllers,301,8,"https://www.yahoo.com/"
Mon Mar  8 01:36:30 2021,http://yahoo.com:80/controlpanel,301,8,"https://www.yahoo.com/"
Mon Mar  8 01:36:30 2021,http://yahoo.com:80/ControllerServlet,301,8,"https://www.yahoo.com/"
Mon Mar  8 01:36:30 2021,http://yahoo.com:80/controlpanel/,301,8,"https://www.yahoo.com/"
Mon Mar  8 01:36:30 2021,http://yahoo.com:80/controlpanel.txt,301,8,"https://www.yahoo.com/"
Mon Mar  8 01:36:30 2021,http://yahoo.com:80/controlpanel.php,301,8,"https://www.yahoo.com/"
Mon Mar  8 01:36:30 2021,http://yahoo.com:80/controlpanel.html,301,8,"https://www.yahoo.com/"
Mon Mar  8 01:36:30 2021,http://yahoo.com:80/control.php,301,8,"https://www.yahoo.com/"
Mon Mar  8 01:36:30 2021,http://yahoo.com:80/controls,301,8,"https://www.yahoo.com/"
Mon Mar  8 01:36:30 2021,http://yahoo.com:80/controlpanel.shtml,301,8,"https://www.yahoo.com/"
Mon Mar  8 01:36:30 2021,http://yahoo.com:80/converse,301,8,"https://www.yahoo.com/"
Mon Mar  8 01:36:30 2021,http://yahoo.com:80/cookie,301,8,"https://www.yahoo.com/"
Mon Mar  8 01:36:30 2021,http://yahoo.com:80/converge_local,301,8,"https://www.yahoo.com/"
Mon Mar  8 01:36:30 2021,http://yahoo.com:80/controlpanel.htm,301,8,"https://www.yahoo.com/"
Mon Mar  8 01:36:30 2021,http://yahoo.com:80/CookieExample,301,8,"https://www.yahoo.com/"
Mon Mar  8 01:36:30 2021,http://yahoo.com:80/cookies,301,8,"https://www.yahoo.com/"
Mon Mar  8 01:36:30 2021,http://yahoo.com:80/cookie.php,301,8,"https://www.yahoo.com/"
Mon Mar  8 01:36:30 2021,http://yahoo.com:80/cool,301,8,"https://www.yahoo.com/"
Mon Mar  8 01:36:30 2021,http://yahoo.com:80/copies,301,8,"https://www.yahoo.com/"
Mon Mar  8 01:36:30 2021,http://yahoo.com:80/coppermine,301,8,"https://www.yahoo.com/"
Mon Mar  8 01:36:30 2021,http://yahoo.com:80/ContactUs,301,8,"https://www.yahoo.com/"
Mon Mar  8 01:36:30 2021,http://yahoo.com:80/copy,301,8,"https://www.yahoo.com/"
Mon Mar  8 01:36:30 2021,http://yahoo.com:80/COPYING,301,8,"https://www.yahoo.com/"
Mon Mar  8 01:36:30 2021,http://yahoo.com:80/copyright,301,8,"https://www.yahoo.com/"
Mon Mar  8 01:36:30 2021,http://yahoo.com:80/cookie_usage,301,8,"https://www.yahoo.com/"
Mon Mar  8 01:36:30 2021,http://yahoo.com:80/COPYRIGHT.txt,301,8,"https://www.yahoo.com/"
Mon Mar  8 01:36:30 2021,http://yahoo.com:80/.core,301,8,"https://www.yahoo.com/"
Mon Mar  8 01:36:30 2021,http://yahoo.com:80/core,301,8,"https://www.yahoo.com/"
Mon Mar  8 01:36:30 2021,http://yahoo.com:80/Copying.txt,301,8,"https://www.yahoo.com/"
Mon Mar  8 01:36:30 2021,http://yahoo.com:80/corba,301,8,"https://www.yahoo.com/"
Mon Mar  8 01:36:30 2021,http://yahoo.com:80/copyright-policy,301,8,"https://www.yahoo.com/"
Mon Mar  8 01:36:30 2021,http://yahoo.com:80/core/fragments/moduleInfo.phtml,301,8,"https://www.yahoo.com/"
Mon Mar  8 01:36:30 2021,http://yahoo.com:80/content.txt,301,8,"https://www.yahoo.com/"
Mon Mar  8 01:36:30 2021,http://yahoo.com:80/coreg,301,8,"https://www.yahoo.com/"
Mon Mar  8 01:36:30 2021,http://yahoo.com:80/core.inc,301,8,"https://www.yahoo.com/"
Mon Mar  8 01:36:30 2021,http://yahoo.com:80/corrections,301,8,"https://www.yahoo.com/"
Mon Mar  8 01:36:30 2021,http://yahoo.com:80/count,301,8,"https://www.yahoo.com/"
Mon Mar  8 01:36:30 2021,http://yahoo.com:80/corpo,301,8,"https://www.yahoo.com/"
Mon Mar  8 01:36:30 2021,http://yahoo.com:80/corporate,301,8,"https://www.yahoo.com/"
Mon Mar  8 01:36:30 2021,http://yahoo.com:80/counter,301,8,"https://www.yahoo.com/"
Mon Mar  8 01:36:30 2021,http://yahoo.com:80/corporation,301,8,"https://www.yahoo.com/"
Mon Mar  8 01:36:30 2021,http://yahoo.com:80/corp,301,8,"https://www.yahoo.com/"
Mon Mar  8 01:36:30 2021,http://yahoo.com:80/counts,301,8,"https://www.yahoo.com/"
Mon Mar  8 01:36:30 2021,http://yahoo.com:80/count_admin,301,8,"https://www.yahoo.com/"
Mon Mar  8 01:36:30 2021,http://yahoo.com:80/coupons,301,8,"https://www.yahoo.com/"
Mon Mar  8 01:36:30 2021,http://yahoo.com:80/coupons1,301,8,"https://www.yahoo.com/"
Mon Mar  8 01:36:30 2021,http://yahoo.com:80/coupons_admin_cp,301,8,"https://www.yahoo.com/"
Mon Mar  8 01:36:30 2021,http://yahoo.com:80/country,301,8,"https://www.yahoo.com/"
Mon Mar  8 01:36:30 2021,http://yahoo.com:80/courses,301,8,"https://www.yahoo.com/"
Mon Mar  8 01:36:30 2021,http://yahoo.com:80/cover,301,8,"https://www.yahoo.com/"
Mon Mar  8 01:36:30 2021,http://yahoo.com:80/coupon,301,8,"https://www.yahoo.com/"
Mon Mar  8 01:36:30 2021,http://yahoo.com:80/Counter,301,8,"https://www.yahoo.com/"
Mon Mar  8 01:36:30 2021,http://yahoo.com:80/counters,301,8,"https://www.yahoo.com/"
Mon Mar  8 01:36:30 2021,http://yahoo.com:80/coverage.xml,301,8,"https://www.yahoo.com/"
Mon Mar  8 01:36:30 2021,http://yahoo.com:80/covers,301,8,"https://www.yahoo.com/"
Mon Mar  8 01:36:30 2021,http://yahoo.com:80/cowadmin,301,8,"https://www.yahoo.com/"
Mon Mar  8 01:36:30 2021,http://yahoo.com:80/cp,301,8,"https://www.yahoo.com/"
Mon Mar  8 01:36:30 2021,http://yahoo.com:80/.coverage,301,8,"https://www.yahoo.com/"
Mon Mar  8 01:36:30 2021,http://yahoo.com:80/coverage.data,301,8,"https://www.yahoo.com/"
Mon Mar  8 01:36:30 2021,http://yahoo.com:80/.cpan,301,8,"https://www.yahoo.com/"
Mon Mar  8 01:36:30 2021,http://yahoo.com:80/course,301,8,"https://www.yahoo.com/"
Mon Mar  8 01:36:30 2021,http://yahoo.com:80/cpanel,301,8,"https://www.yahoo.com/"
Mon Mar  8 01:36:30 2021,http://yahoo.com:80/cpanel/,301,8,"https://www.yahoo.com/"
Mon Mar  8 01:36:30 2021,http://yahoo.com:80/cPanel,301,8,"https://www.yahoo.com/"
Mon Mar  8 01:36:30 2021,http://yahoo.com:80/cpanel_file,301,8,"https://www.yahoo.com/"
Mon Mar  8 01:36:30 2021,http://yahoo.com:80/CPAN,301,8,"https://www.yahoo.com/"
Mon Mar  8 01:36:30 2021,http://yahoo.com:80/Cpanel.php,301,8,"https://www.yahoo.com/"
Mon Mar  8 01:36:30 2021,http://yahoo.com:80/.cpanel/,301,8,"https://www.yahoo.com/"
Mon Mar  8 01:36:30 2021,http://yahoo.com:80/cpbt.php,301,8,"https://www.yahoo.com/"
Mon Mar  8 01:36:30 2021,http://yahoo.com:80/cp/,301,8,"https://www.yahoo.com/"
Mon Mar  8 01:36:30 2021,http://yahoo.com:80/cpadmin,301,8,"https://www.yahoo.com/"
Mon Mar  8 01:36:30 2021,http://yahoo.com:80/cp.txt,301,8,"https://www.yahoo.com/"
Mon Mar  8 01:36:30 2021,http://yahoo.com:80/cpg,301,8,"https://www.yahoo.com/"
Mon Mar  8 01:36:30 2021,http://yahoo.com:80/cpath,301,8,"https://www.yahoo.com/"
Mon Mar  8 01:36:30 2021,http://yahoo.com:80/cpp,301,8,"https://www.yahoo.com/"
Mon Mar  8 01:36:30 2021,http://yahoo.com:80/.cproject,301,8,"https://www.yahoo.com/"
Mon Mar  8 01:36:30 2021,http://yahoo.com:80/cp.html,301,8,"https://www.yahoo.com/"
Mon Mar  8 01:36:30 2021,http://yahoo.com:80/cp.php,301,8,"https://www.yahoo.com/"
Mon Mar  8 01:36:30 2021,http://yahoo.com:80/cpstyles,301,8,"https://www.yahoo.com/"
Mon Mar  8 01:36:30 2021,http://yahoo.com:80/cpanel.php,301,8,"https://www.yahoo.com/"
Mon Mar  8 01:36:30 2021,http://yahoo.com:80/cr,301,8,"https://www.yahoo.com/"
Mon Mar  8 01:36:30 2021,http://yahoo.com:80/crack,301,8,"https://www.yahoo.com/"
Mon Mar  8 01:36:30 2021,http://yahoo.com:80/crash,301,8,"https://www.yahoo.com/"
Mon Mar  8 01:36:30 2021,http://yahoo.com:80/crashes,301,8,"https://www.yahoo.com/"
Mon Mar  8 01:36:30 2021,http://yahoo.com:80/create,301,8,"https://www.yahoo.com/"
Mon Mar  8 01:36:30 2021,http://yahoo.com:80/create_account,301,8,"https://www.yahoo.com/"
Mon Mar  8 01:36:30 2021,http://yahoo.com:80/createaccount,301,8,"https://www.yahoo.com/"
Mon Mar  8 01:36:30 2021,http://yahoo.com:80/createbutton,301,8,"https://www.yahoo.com/"
Mon Mar  8 01:36:30 2021,http://yahoo.com:80/creation,301,8,"https://www.yahoo.com/"
Mon Mar  8 01:36:30 2021,http://yahoo.com:80/Creatives,301,8,"https://www.yahoo.com/"
Mon Mar  8 01:36:30 2021,http://yahoo.com:80/creator,301,8,"https://www.yahoo.com/"
Mon Mar  8 01:36:30 2021,http://yahoo.com:80/credentials,301,8,"https://www.yahoo.com/"
Mon Mar  8 01:36:30 2021,http://yahoo.com:80/credit,301,8,"https://www.yahoo.com/"
Mon Mar  8 01:36:30 2021,http://yahoo.com:80/creditcards,301,8,"https://www.yahoo.com/"
Mon Mar  8 01:36:30 2021,http://yahoo.com:80/credits,301,8,"https://www.yahoo.com/"
Mon Mar  8 01:36:30 2021,http://yahoo.com:80/CREDITS,301,8,"https://www.yahoo.com/"
Mon Mar  8 01:36:30 2021,http://yahoo.com:80/Credits.txt,301,8,"https://www.yahoo.com/"
Mon Mar  8 01:36:30 2021,http://yahoo.com:80/creo_admin,301,8,"https://www.yahoo.com/"
Mon Mar  8 01:36:30 2021,http://yahoo.com:80/crime,301,8,"https://www.yahoo.com/"
Mon Mar  8 01:36:30 2021,http://yahoo.com:80/crm,301,8,"https://www.yahoo.com/"
Mon Mar  8 01:36:30 2021,http://yahoo.com:80/crm/,301,8,"https://www.yahoo.com/"
Mon Mar  8 01:36:30 2021,http://yahoo.com:80/crms,301,8,"https://www.yahoo.com/"
Mon Mar  8 01:36:30 2021,http://yahoo.com:80/cron,301,8,"https://www.yahoo.com/"
Mon Mar  8 01:36:30 2021,http://yahoo.com:80/cron/cron.sh,301,8,"https://www.yahoo.com/"
Mon Mar  8 01:36:30 2021,http://yahoo.com:80/crond/logs/,301,8,"https://www.yahoo.com/"
Mon Mar  8 01:36:30 2021,http://yahoo.com:80/cron_import.log,301,8,"https://www.yahoo.com/"
Mon Mar  8 01:36:30 2021,http://yahoo.com:80/cpsadmin,301,8,"https://www.yahoo.com/"
Mon Mar  8 01:36:30 2021,http://yahoo.com:80/cpanel_file/,301,8,"https://www.yahoo.com/"
Mon Mar  8 01:36:30 2021,http://yahoo.com:80/cronlog.txt,301,8,"https://www.yahoo.com/"
Mon Mar  8 01:36:30 2021,http://yahoo.com:80/cpn.php,301,8,"https://www.yahoo.com/"
Mon Mar  8 01:36:30 2021,http://yahoo.com:80/crons,301,8,"https://www.yahoo.com/"
Mon Mar  8 01:36:30 2021,http://yahoo.com:80/cron.sh,301,8,"https://www.yahoo.com/"
Mon Mar  8 01:36:30 2021,http://yahoo.com:80/cps,301,8,"https://www.yahoo.com/"
Mon Mar  8 01:36:30 2021,http://yahoo.com:80/cronjobs,301,8,"https://www.yahoo.com/"
Mon Mar  8 01:36:30 2021,http://yahoo.com:80/cron.log,301,8,"https://www.yahoo.com/"
Mon Mar  8 01:36:30 2021,http://yahoo.com:80/cpw,301,8,"https://www.yahoo.com/"
Mon Mar  8 01:36:30 2021,http://yahoo.com:80/cron.php,301,8,"https://www.yahoo.com/"
Mon Mar  8 01:36:30 2021,http://yahoo.com:80/crownadmin,301,8,"https://www.yahoo.com/"
Mon Mar  8 01:36:30 2021,http://yahoo.com:80/crtr,301,8,"https://www.yahoo.com/"
Mon Mar  8 01:36:30 2021,http://yahoo.com:80/crontab,301,8,"https://www.yahoo.com/"
Mon Mar  8 01:36:30 2021,http://yahoo.com:80/crypto,301,8,"https://www.yahoo.com/"
Mon Mar  8 01:36:30 2021,http://yahoo.com:80/cs,301,8,"https://www.yahoo.com/"
Mon Mar  8 01:36:30 2021,http://yahoo.com:80/cs-admin,301,8,"https://www.yahoo.com/"
Mon Mar  8 01:36:30 2021,http://yahoo.com:80/crossdomain.xml,301,8,"https://www.yahoo.com/"
Mon Mar  8 01:36:30 2021,http://yahoo.com:80/csadmin,301,8,"https://www.yahoo.com/"
Mon Mar  8 01:36:30 2021,http://yahoo.com:80/cscockpit,301,8,"https://www.yahoo.com/"
Mon Mar  8 01:36:30 2021,http://yahoo.com:80/cscockpit/,301,8,"https://www.yahoo.com/"
Mon Mar  8 01:36:30 2021,http://yahoo.com:80/cse,301,8,"https://www.yahoo.com/"
Mon Mar  8 01:36:30 2021,http://yahoo.com:80/.cshrc,301,8,"https://www.yahoo.com/"
Mon Mar  8 01:36:30 2021,http://yahoo.com:80/crontabs,301,8,"https://www.yahoo.com/"
Mon Mar  8 01:36:30 2021,http://yahoo.com:80/crossdomain,301,8,"https://www.yahoo.com/"
Mon Mar  8 01:36:30 2021,http://yahoo.com:80/cs_admin,301,8,"https://www.yahoo.com/"
Mon Mar  8 01:36:30 2021,http://yahoo.com:80/cpbackup-exclude.conf,301,8,"https://www.yahoo.com/"
Mon Mar  8 01:36:30 2021,http://yahoo.com:80/crs,301,8,"https://www.yahoo.com/"
Mon Mar  8 01:36:30 2021,http://yahoo.com:80/cron_sku.log,301,8,"https://www.yahoo.com/"
Mon Mar  8 01:36:30 2021,http://yahoo.com:80/crypt,301,8,"https://www.yahoo.com/"
Mon Mar  8 01:36:30 2021,http://yahoo.com:80/csproj,301,8,"https://www.yahoo.com/"
Mon Mar  8 01:36:30 2021,http://yahoo.com:80/_css,301,8,"https://www.yahoo.com/"
Mon Mar  8 01:36:30 2021,http://yahoo.com:80/ctl,301,8,"https://www.yahoo.com/"
Mon Mar  8 01:36:30 2021,http://yahoo.com:80/css,301,8,"https://www.yahoo.com/"
Mon Mar  8 01:36:30 2021,http://yahoo.com:80/csssyntax.inc,301,8,"https://www.yahoo.com/"
Mon Mar  8 01:36:30 2021,http://yahoo.com:80/.csv,301,8,"https://www.yahoo.com/"
Mon Mar  8 01:36:30 2021,http://yahoo.com:80/csv,301,8,"https://www.yahoo.com/"
Mon Mar  8 01:36:30 2021,http://yahoo.com:80/custom,301,8,"https://www.yahoo.com/"
Mon Mar  8 01:36:30 2021,http://yahoo.com:80/customavatars,301,8,"https://www.yahoo.com/"
Mon Mar  8 01:36:30 2021,http://yahoo.com:80/CSV,301,8,"https://www.yahoo.com/"
Mon Mar  8 01:36:30 2021,http://yahoo.com:80/ct,301,8,"https://www.yahoo.com/"
Mon Mar  8 01:36:30 2021,http://yahoo.com:80/cubecart,301,8,"https://www.yahoo.com/"
Mon Mar  8 01:36:30 2021,http://yahoo.com:80/culeadora.txt,301,8,"https://www.yahoo.com/"
Mon Mar  8 01:36:30 2021,http://yahoo.com:80/culture,301,8,"https://www.yahoo.com/"
Mon Mar  8 01:36:30 2021,http://yahoo.com:80/currency,301,8,"https://www.yahoo.com/"
Mon Mar  8 01:36:30 2021,http://yahoo.com:80/current,301,8,"https://www.yahoo.com/"
Mon Mar  8 01:36:30 2021,http://yahoo.com:80/.CSV,301,8,"https://www.yahoo.com/"
Mon Mar  8 01:36:30 2021,http://yahoo.com:80/customcode,301,8,"https://www.yahoo.com/"
Mon Mar  8 01:36:30 2021,http://yahoo.com:80/custom/db.ini,301,8,"https://www.yahoo.com/"
Mon Mar  8 01:36:30 2021,http://yahoo.com:80/customer,301,8,"https://www.yahoo.com/"
Mon Mar  8 01:36:30 2021,http://yahoo.com:80/customer_login,301,8,"https://www.yahoo.com/"
Mon Mar  8 01:36:30 2021,http://yahoo.com:80/customer_login/,301,8,"https://www.yahoo.com/"
Mon Mar  8 01:36:30 2021,http://yahoo.com:80/customers,301,8,"https://www.yahoo.com/"
Mon Mar  8 01:36:30 2021,http://yahoo.com:80/customers.csv,301,8,"https://www.yahoo.com/"
Mon Mar  8 01:36:30 2021,http://yahoo.com:80/customers.log,301,8,"https://www.yahoo.com/"
Mon Mar  8 01:36:30 2021,http://yahoo.com:80/customers.mdb,301,8,"https://www.yahoo.com/"
Mon Mar  8 01:36:30 2021,http://yahoo.com:80/customers.sql,301,8,"https://www.yahoo.com/"
Mon Mar  8 01:36:30 2021,http://yahoo.com:80/customers.sql.gz,301,8,"https://www.yahoo.com/"
Mon Mar  8 01:36:30 2021,http://yahoo.com:80/customers.sqlite,301,8,"https://www.yahoo.com/"
Mon Mar  8 01:36:30 2021,http://yahoo.com:80/customers.txt,301,8,"https://www.yahoo.com/"
Mon Mar  8 01:36:30 2021,http://yahoo.com:80/customers.xls,301,8,"https://www.yahoo.com/"
Mon Mar  8 01:36:30 2021,http://yahoo.com:80/customgroupicons,301,8,"https://www.yahoo.com/"
Mon Mar  8 01:36:30 2021,http://yahoo.com:80/customize,301,8,"https://www.yahoo.com/"
Mon Mar  8 01:36:30 2021,http://yahoo.com:80/custom-log,301,8,"https://www.yahoo.com/"
Mon Mar  8 01:36:30 2021,http://yahoo.com:80/custom_log,301,8,"https://www.yahoo.com/"
Mon Mar  8 01:36:30 2021,http://yahoo.com:80/cute,301,8,"https://www.yahoo.com/"
Mon Mar  8 01:36:30 2021,http://yahoo.com:80/cutesoft_client,301,8,"https://www.yahoo.com/"
Mon Mar  8 01:36:30 2021,http://yahoo.com:80/cv,301,8,"https://www.yahoo.com/"
Mon Mar  8 01:36:30 2021,http://yahoo.com:80/.cvs,301,8,"https://www.yahoo.com/"
Mon Mar  8 01:36:30 2021,http://yahoo.com:80/cvs,301,8,"https://www.yahoo.com/"
Mon Mar  8 01:36:30 2021,http://yahoo.com:80/cvs/,301,8,"https://www.yahoo.com/"
Mon Mar  8 01:36:30 2021,http://yahoo.com:80/.CVS,301,8,"https://www.yahoo.com/"
Mon Mar  8 01:36:30 2021,http://yahoo.com:80/CVS,301,8,"https://www.yahoo.com/"
Mon Mar  8 01:36:30 2021,http://yahoo.com:80/CVS/,301,8,"https://www.yahoo.com/"
Mon Mar  8 01:36:30 2021,http://yahoo.com:80/cvsadmin,301,8,"https://www.yahoo.com/"
Mon Mar  8 01:36:30 2021,http://yahoo.com:80/CVS/Entries,301,8,"https://www.yahoo.com/"
Mon Mar  8 01:36:30 2021,http://yahoo.com:80/.cvsignore,301,8,"https://www.yahoo.com/"
Mon Mar  8 01:36:30 2021,http://yahoo.com:80/CVS/Repository,301,8,"https://www.yahoo.com/"
Mon Mar  8 01:36:30 2021,http://yahoo.com:80/CVS/Root,301,8,"https://www.yahoo.com/"
Mon Mar  8 01:36:30 2021,http://yahoo.com:80/cwadmin,301,8,"https://www.yahoo.com/"
Mon Mar  8 01:36:30 2021,http://yahoo.com:80/cxf,301,8,"https://www.yahoo.com/"
Mon Mar  8 01:36:30 2021,http://yahoo.com:80/cy,301,8,"https://www.yahoo.com/"
Mon Mar  8 01:36:30 2021,http://yahoo.com:80/CYBERDOCS,301,8,"https://www.yahoo.com/"
Mon Mar  8 01:36:30 2021,http://yahoo.com:80/d0main.php,301,8,"https://www.yahoo.com/"
Mon Mar  8 01:36:30 2021,http://yahoo.com:80/d0mains.php,301,8,"https://www.yahoo.com/"
Mon Mar  8 01:36:30 2021,http://yahoo.com:80/da,301,8,"https://www.yahoo.com/"
Mon Mar  8 01:36:30 2021,http://yahoo.com:80/dad,301,8,"https://www.yahoo.com/"
Mon Mar  8 01:36:30 2021,http://yahoo.com:80/DAD,301,8,"https://www.yahoo.com/"
Mon Mar  8 01:36:30 2021,http://yahoo.com:80/dadmin,301,8,"https://www.yahoo.com/"
Mon Mar  8 01:36:30 2021,http://yahoo.com:80/daemon,301,8,"https://www.yahoo.com/"
Mon Mar  8 01:36:30 2021,http://yahoo.com:80/d,301,8,"https://www.yahoo.com/"
Mon Mar  8 01:36:30 2021,http://yahoo.com:80/D,301,8,"https://www.yahoo.com/"
Mon Mar  8 01:36:30 2021,http://yahoo.com:80/dan,301,8,"https://www.yahoo.com/"
Mon Mar  8 01:36:30 2021,http://yahoo.com:80/dana-na,301,8,"https://www.yahoo.com/"
Mon Mar  8 01:36:30 2021,http://yahoo.com:80/dark,301,8,"https://www.yahoo.com/"
Mon Mar  8 01:36:30 2021,http://yahoo.com:80/dashboard,301,8,"https://www.yahoo.com/"
Mon Mar  8 01:36:30 2021,http://yahoo.com:80/dashboard.html,301,8,"https://www.yahoo.com/"
Mon Mar  8 01:36:30 2021,http://yahoo.com:80/dashboard.php,301,8,"https://www.yahoo.com/"
Mon Mar  8 01:36:30 2021,http://yahoo.com:80/dashboard.txt,301,8,"https://www.yahoo.com/"
Mon Mar  8 01:36:30 2021,http://yahoo.com:80/.dat,301,8,"https://www.yahoo.com/"
Mon Mar  8 01:36:30 2021,http://yahoo.com:80/daily,301,8,"https://www.yahoo.com/"
Mon Mar  8 01:36:30 2021,http://yahoo.com:80/dam.php,301,8,"https://www.yahoo.com/"
Mon Mar  8 01:36:30 2021,http://yahoo.com:80/d0maine.php,301,8,"https://www.yahoo.com/"
Mon Mar  8 01:36:30 2021,http://yahoo.com:80/_data/,301,8,"https://www.yahoo.com/"
Mon Mar  8 01:36:30 2021,http://yahoo.com:80/data,301,8,"https://www.yahoo.com/"
Mon Mar  8 01:36:30 2021,http://yahoo.com:80/data/backups/,301,8,"https://www.yahoo.com/"
Mon Mar  8 01:36:30 2021,http://yahoo.com:80/_database,301,8,"https://www.yahoo.com/"
Mon Mar  8 01:36:30 2021,http://yahoo.com:80/cz,301,8,"https://www.yahoo.com/"
Mon Mar  8 01:36:30 2021,http://yahoo.com:80/database/,301,8,"https://www.yahoo.com/"
Mon Mar  8 01:36:30 2021,http://yahoo.com:80/dat,301,8,"https://www.yahoo.com/"
Mon Mar  8 01:36:30 2021,http://yahoo.com:80/_data,301,8,"https://www.yahoo.com/"
Mon Mar  8 01:36:30 2021,http://yahoo.com:80/CYBERDOCS25,301,8,"https://www.yahoo.com/"
Mon Mar  8 01:36:30 2021,http://yahoo.com:80/CYBERDOCS31,301,8,"https://www.yahoo.com/"
Mon Mar  8 01:36:30 2021,http://yahoo.com:80/database_credentials.inc,301,8,"https://www.yahoo.com/"
Mon Mar  8 01:36:30 2021,http://yahoo.com:80/database.csv,301,8,"https://www.yahoo.com/"
Mon Mar  8 01:36:30 2021,http://yahoo.com:80/database/database/,301,8,"https://www.yahoo.com/"
Mon Mar  8 01:36:30 2021,http://yahoo.com:80/database.inc,301,8,"https://www.yahoo.com/"
Mon Mar  8 01:36:30 2021,http://yahoo.com:80/database_admin,301,8,"https://www.yahoo.com/"
Mon Mar  8 01:36:30 2021,http://yahoo.com:80/database.mdb,301,8,"https://www.yahoo.com/"
Mon Mar  8 01:36:30 2021,http://yahoo.com:80/database.php,301,8,"https://www.yahoo.com/"
Mon Mar  8 01:36:30 2021,http://yahoo.com:80/database/phpmyadmin/,301,8,"https://www.yahoo.com/"
Mon Mar  8 01:36:30 2021,http://yahoo.com:80/database/phpMyAdmin/,301,8,"https://www.yahoo.com/"
Mon Mar  8 01:36:30 2021,http://yahoo.com:80/Database_Backup/,301,8,"https://www.yahoo.com/"
Mon Mar  8 01:36:30 2021,http://yahoo.com:80/cyberworld,301,8,"https://www.yahoo.com/"
Mon Mar  8 01:36:30 2021,http://yahoo.com:80/cycle_image,301,8,"https://www.yahoo.com/"
Mon Mar  8 01:36:30 2021,http://yahoo.com:80/database,301,8,"https://www.yahoo.com/"
Mon Mar  8 01:36:30 2021,http://yahoo.com:80/czcmdcvt,301,8,"https://www.yahoo.com/"
Mon Mar  8 01:36:30 2021,http://yahoo.com:80/database.log,301,8,"https://www.yahoo.com/"
Mon Mar  8 01:36:30 2021,http://yahoo.com:80/database_administration,301,8,"https://www.yahoo.com/"
Mon Mar  8 01:36:30 2021,http://yahoo.com:80/Database_Administration,301,8,"https://www.yahoo.com/"
Mon Mar  8 01:36:30 2021,http://yahoo.com:80/Database_Administration/,301,8,"https://www.yahoo.com/"
Mon Mar  8 01:36:30 2021,http://yahoo.com:80/database/phpmyadmin2/,301,8,"https://www.yahoo.com/"
Mon Mar  8 01:36:30 2021,http://yahoo.com:80/database/phpMyAdmin2/,301,8,"https://www.yahoo.com/"
Mon Mar  8 01:36:30 2021,http://yahoo.com:80/databases,301,8,"https://www.yahoo.com/"
Mon Mar  8 01:36:30 2021,http://yahoo.com:80/database.sql,301,8,"https://www.yahoo.com/"
Mon Mar  8 01:36:30 2021,http://yahoo.com:80/database.sqlite,301,8,"https://www.yahoo.com/"
Mon Mar  8 01:36:30 2021,http://yahoo.com:80/datafiles,301,8,"https://www.yahoo.com/"
Mon Mar  8 01:36:30 2021,http://yahoo.com:80/data/logs/,301,8,"https://www.yahoo.com/"
Mon Mar  8 01:36:30 2021,http://yahoo.com:80/data.mdb,301,8,"https://www.yahoo.com/"
Mon Mar  8 01:36:30 2021,http://yahoo.com:80/data-nseries.tsv,301,8,"https://www.yahoo.com/"
Mon Mar  8 01:36:30 2021,http://yahoo.com:80/database.yml_original,301,8,"https://www.yahoo.com/"
Mon Mar  8 01:36:30 2021,http://yahoo.com:80/database.yml.pgsql,301,8,"https://www.yahoo.com/"
Mon Mar  8 01:36:30 2021,http://yahoo.com:80/database.yml.sqlite3,301,8,"https://www.yahoo.com/"
Mon Mar  8 01:36:30 2021,http://yahoo.com:80/data/debug/,301,8,"https://www.yahoo.com/"
Mon Mar  8 01:36:30 2021,http://yahoo.com:80/_data/error_log,301,8,"https://www.yahoo.com/"
Mon Mar  8 01:36:30 2021,http://yahoo.com:80/databases.yml,301,8,"https://www.yahoo.com/"
Mon Mar  8 01:36:30 2021,http://yahoo.com:80/data.sql.rar,301,8,"https://www.yahoo.com/"
Mon Mar  8 01:36:30 2021,http://yahoo.com:80/data.sql.sql,301,8,"https://www.yahoo.com/"
Mon Mar  8 01:36:30 2021,http://yahoo.com:80/data.sql.tar,301,8,"https://www.yahoo.com/"
Mon Mar  8 01:36:30 2021,http://yahoo.com:80/dataobject.ini,301,8,"https://www.yahoo.com/"
Mon Mar  8 01:36:30 2021,http://yahoo.com:80/datas,301,8,"https://www.yahoo.com/"
Mon Mar  8 01:36:30 2021,http://yahoo.com:80/data.sql,301,8,"https://www.yahoo.com/"
Mon Mar  8 01:36:30 2021,http://yahoo.com:80/data/files/,301,8,"https://www.yahoo.com/"
Mon Mar  8 01:36:30 2021,http://yahoo.com:80/data.tsv,301,8,"https://www.yahoo.com/"
Mon Mar  8 01:36:30 2021,http://yahoo.com:80/data.txt,301,8,"https://www.yahoo.com/"
Mon Mar  8 01:36:30 2021,http://yahoo.com:80/date,301,8,"https://www.yahoo.com/"
Mon Mar  8 01:36:30 2021,http://yahoo.com:80/datebook.inc,301,8,"https://www.yahoo.com/"
Mon Mar  8 01:36:30 2021,http://yahoo.com:80/database.txt,301,8,"https://www.yahoo.com/"
Mon Mar  8 01:36:30 2021,http://yahoo.com:80/database.yml,301,8,"https://www.yahoo.com/"
Mon Mar  8 01:36:30 2021,http://yahoo.com:80/database.yml~,301,8,"https://www.yahoo.com/"
Mon Mar  8 01:36:30 2021,http://yahoo.com:80/data.sql.tgz,301,8,"https://www.yahoo.com/"
Mon Mar  8 01:36:30 2021,http://yahoo.com:80/data.sql.zip,301,8,"https://www.yahoo.com/"
Mon Mar  8 01:36:30 2021,http://yahoo.com:80/data/tmp/,301,8,"https://www.yahoo.com/"
Mon Mar  8 01:36:30 2021,http://yahoo.com:80/data.sql.7z,301,8,"https://www.yahoo.com/"
Mon Mar  8 01:36:30 2021,http://yahoo.com:80/data.sql.bz2,301,8,"https://www.yahoo.com/"
Mon Mar  8 01:36:30 2021,http://yahoo.com:80/db,301,8,"https://www.yahoo.com/"
Mon Mar  8 01:36:30 2021,http://yahoo.com:80/db/,301,8,"https://www.yahoo.com/"
Mon Mar  8 01:36:30 2021,http://yahoo.com:80/data.sqlite,301,8,"https://www.yahoo.com/"
Mon Mar  8 01:36:30 2021,http://yahoo.com:80/daten,301,8,"https://www.yahoo.com/"
Mon Mar  8 01:36:30 2021,http://yahoo.com:80/datenschutz,301,8,"https://www.yahoo.com/"
Mon Mar  8 01:36:30 2021,http://yahoo.com:80/DateServlet,301,8,"https://www.yahoo.com/"
Mon Mar  8 01:36:30 2021,http://yahoo.com:80/dating,301,8,"https://www.yahoo.com/"
Mon Mar  8 01:36:30 2021,http://yahoo.com:80/dav,301,8,"https://www.yahoo.com/"
Mon Mar  8 01:36:30 2021,http://yahoo.com:80/davmail.log,301,8,"https://www.yahoo.com/"
Mon Mar  8 01:36:30 2021,http://yahoo.com:80/day,301,8,"https://www.yahoo.com/"
Mon Mar  8 01:36:30 2021,http://yahoo.com:80/db-admin,301,8,"https://www.yahoo.com/"
Mon Mar  8 01:36:30 2021,http://yahoo.com:80/data.sql.gz,301,8,"https://www.yahoo.com/"
Mon Mar  8 01:36:30 2021,http://yahoo.com:80/DB,301,8,"https://www.yahoo.com/"
Mon Mar  8 01:36:30 2021,http://yahoo.com:80/db1.mdb,301,8,"https://www.yahoo.com/"
Mon Mar  8 01:36:30 2021,http://yahoo.com:80/dbadmin.7z,301,8,"https://www.yahoo.com/"
Mon Mar  8 01:36:30 2021,http://yahoo.com:80/dbadmin.gz,301,8,"https://www.yahoo.com/"
Mon Mar  8 01:36:30 2021,http://yahoo.com:80/dbadmin.php,301,8,"https://www.yahoo.com/"
Mon Mar  8 01:36:30 2021,http://yahoo.com:80/dbadmin.rar,301,8,"https://www.yahoo.com/"
Mon Mar  8 01:36:30 2021,http://yahoo.com:80/dbadmin.sql,301,8,"https://www.yahoo.com/"
Mon Mar  8 01:36:30 2021,http://yahoo.com:80/_dbadmin,301,8,"https://www.yahoo.com/"
Mon Mar  8 01:36:30 2021,http://yahoo.com:80/dbadmin.sql.bz2,301,8,"https://www.yahoo.com/"
Mon Mar  8 01:36:30 2021,http://yahoo.com:80/dbadmin.sql.gz,301,8,"https://www.yahoo.com/"
Mon Mar  8 01:36:30 2021,http://yahoo.com:80/dbadmin.sql.sql,301,8,"https://www.yahoo.com/"
Mon Mar  8 01:36:30 2021,http://yahoo.com:80/dbadmin.sql.tar,301,8,"https://www.yahoo.com/"
Mon Mar  8 01:36:30 2021,http://yahoo.com:80/dbadmin.sql.zip,301,8,"https://www.yahoo.com/"
Mon Mar  8 01:36:30 2021,http://yahoo.com:80/dbadmin.tar,301,8,"https://www.yahoo.com/"
Mon Mar  8 01:36:30 2021,http://yahoo.com:80/dbadmin.tar.bz2,301,8,"https://www.yahoo.com/"
Mon Mar  8 01:36:30 2021,http://yahoo.com:80/dbaccess.log,301,8,"https://www.yahoo.com/"
Mon Mar  8 01:36:30 2021,http://yahoo.com:80/dbadmin.tgz,301,8,"https://www.yahoo.com/"
Mon Mar  8 01:36:30 2021,http://yahoo.com:80/dbadmin.zip,301,8,"https://www.yahoo.com/"
Mon Mar  8 01:36:30 2021,http://yahoo.com:80/dbase,301,8,"https://www.yahoo.com/"
Mon Mar  8 01:36:30 2021,http://yahoo.com:80/dbase.bz2,301,8,"https://www.yahoo.com/"
Mon Mar  8 01:36:30 2021,http://yahoo.com:80/dbase.gz,301,8,"https://www.yahoo.com/"
Mon Mar  8 01:36:30 2021,http://yahoo.com:80/dbase.rar,301,8,"https://www.yahoo.com/"
Mon Mar  8 01:36:30 2021,http://yahoo.com:80/dbase.sql,301,8,"https://www.yahoo.com/"
Mon Mar  8 01:36:30 2021,http://yahoo.com:80/dbase.sql.7z,301,8,"https://www.yahoo.com/"
Mon Mar  8 01:36:30 2021,http://yahoo.com:80/dbase.sql.bz2,301,8,"https://www.yahoo.com/"
Mon Mar  8 01:36:30 2021,http://yahoo.com:80/dba,301,8,"https://www.yahoo.com/"
Mon Mar  8 01:36:30 2021,http://yahoo.com:80/dbadmin.tar.gz,301,8,"https://www.yahoo.com/"
Mon Mar  8 01:36:30 2021,http://yahoo.com:80/dbase.sql.sql,301,8,"https://www.yahoo.com/"
Mon Mar  8 01:36:30 2021,http://yahoo.com:80/dbase.sql.tar,301,8,"https://www.yahoo.com/"
Mon Mar  8 01:36:30 2021,http://yahoo.com:80/dbase.sql.tar.gz,301,8,"https://www.yahoo.com/"
Mon Mar  8 01:36:30 2021,http://yahoo.com:80/dbase.sql.tgz,301,8,"https://www.yahoo.com/"
Mon Mar  8 01:36:30 2021,http://yahoo.com:80/dbase.sql.zip,301,8,"https://www.yahoo.com/"
Mon Mar  8 01:36:30 2021,http://yahoo.com:80/db1.sqlite,301,8,"https://www.yahoo.com/"
Mon Mar  8 01:36:30 2021,http://yahoo.com:80/dbase.tar.bz2,301,8,"https://www.yahoo.com/"
Mon Mar  8 01:36:30 2021,http://yahoo.com:80/dbase.sql.gz,301,8,"https://www.yahoo.com/"
Mon Mar  8 01:36:30 2021,http://yahoo.com:80/dbase.sql.rar,301,8,"https://www.yahoo.com/"
Mon Mar  8 01:36:30 2021,http://yahoo.com:80/dbase.zip,301,8,"https://www.yahoo.com/"
Mon Mar  8 01:36:30 2021,http://yahoo.com:80/dbadmin.sql.7z,301,8,"https://www.yahoo.com/"
Mon Mar  8 01:36:30 2021,http://yahoo.com:80/db_backup.bz2,301,8,"https://www.yahoo.com/"
Mon Mar  8 01:36:30 2021,http://yahoo.com:80/dbase.7z,301,8,"https://www.yahoo.com/"
Mon Mar  8 01:36:30 2021,http://yahoo.com:80/db_admin,301,8,"https://www.yahoo.com/"
Mon Mar  8 01:36:30 2021,http://yahoo.com:80/dbadmin,301,8,"https://www.yahoo.com/"
Mon Mar  8 01:36:30 2021,http://yahoo.com:80/_db_backups,301,8,"https://www.yahoo.com/"
Mon Mar  8 01:36:30 2021,http://yahoo.com:80/dbadmin/,301,8,"https://www.yahoo.com/"
Mon Mar  8 01:36:30 2021,http://yahoo.com:80/dbase.tar,301,8,"https://www.yahoo.com/"
Mon Mar  8 01:36:30 2021,http://yahoo.com:80/db2,301,8,"https://www.yahoo.com/"
Mon Mar  8 01:36:30 2021,http://yahoo.com:80/db_backup.sql.zip,301,8,"https://www.yahoo.com/"
Mon Mar  8 01:36:30 2021,http://yahoo.com:80/dbase.tar.gz,301,8,"https://www.yahoo.com/"
Mon Mar  8 01:36:30 2021,http://yahoo.com:80/dbase.tar.gzip,301,8,"https://www.yahoo.com/"
Mon Mar  8 01:36:30 2021,http://yahoo.com:80/dbbackup/,301,8,"https://www.yahoo.com/"
Mon Mar  8 01:36:30 2021,http://yahoo.com:80/db_backup.7z,301,8,"https://www.yahoo.com/"
Mon Mar  8 01:36:30 2021,http://yahoo.com:80/db_backup.gz,301,8,"https://www.yahoo.com/"
Mon Mar  8 01:36:30 2021,http://yahoo.com:80/db_connect,301,8,"https://www.yahoo.com/"
Mon Mar  8 01:36:30 2021,http://yahoo.com:80/db_backups/,301,8,"https://www.yahoo.com/"
Mon Mar  8 01:36:30 2021,http://yahoo.com:80/db.csv,301,8,"https://www.yahoo.com/"
Mon Mar  8 01:36:30 2021,http://yahoo.com:80/db_backup.sql.rar,301,8,"https://www.yahoo.com/"
Mon Mar  8 01:36:30 2021,http://yahoo.com:80/db/db-admin/,301,8,"https://www.yahoo.com/"
Mon Mar  8 01:36:30 2021,http://yahoo.com:80/db_backup.tar.gz,301,8,"https://www.yahoo.com/"
Mon Mar  8 01:36:30 2021,http://yahoo.com:80/db/dbweb/,301,8,"https://www.yahoo.com/"
Mon Mar  8 01:36:30 2021,http://yahoo.com:80/dbdump.7z,301,8,"https://www.yahoo.com/"
Mon Mar  8 01:36:30 2021,http://yahoo.com:80/dbdump.bz2,301,8,"https://www.yahoo.com/"
Mon Mar  8 01:36:30 2021,http://yahoo.com:80/db.bz2,301,8,"https://www.yahoo.com/"
Mon Mar  8 01:36:30 2021,http://yahoo.com:80/db_backup.rar,301,8,"https://www.yahoo.com/"
Mon Mar  8 01:36:30 2021,http://yahoo.com:80/dbdump.sql.7z,301,8,"https://www.yahoo.com/"
Mon Mar  8 01:36:30 2021,http://yahoo.com:80/dbdump.sql.gz,301,8,"https://www.yahoo.com/"
Mon Mar  8 01:36:30 2021,http://yahoo.com:80/dbdump.sql.sql,301,8,"https://www.yahoo.com/"
Mon Mar  8 01:36:30 2021,http://yahoo.com:80/db_backup.sql.tar,301,8,"https://www.yahoo.com/"
Mon Mar  8 01:36:30 2021,http://yahoo.com:80/db/dbadmin/,301,8,"https://www.yahoo.com/"
Mon Mar  8 01:36:30 2021,http://yahoo.com:80/db_backup.tgz,301,8,"https://www.yahoo.com/"
Mon Mar  8 01:36:30 2021,http://yahoo.com:80/db_backup.zip,301,8,"https://www.yahoo.com/"
Mon Mar  8 01:36:30 2021,http://yahoo.com:80/dbboon,301,8,"https://www.yahoo.com/"
Mon Mar  8 01:36:30 2021,http://yahoo.com:80/dbdump.gz,301,8,"https://www.yahoo.com/"
Mon Mar  8 01:36:30 2021,http://yahoo.com:80/dbdump.rar,301,8,"https://www.yahoo.com/"
Mon Mar  8 01:36:30 2021,http://yahoo.com:80/dbdump.sql,301,8,"https://www.yahoo.com/"
Mon Mar  8 01:36:30 2021,http://yahoo.com:80/dbdump.sql.bz2,301,8,"https://www.yahoo.com/"
Mon Mar  8 01:36:30 2021,http://yahoo.com:80/db_functions.inc,301,8,"https://www.yahoo.com/"
Mon Mar  8 01:36:30 2021,http://yahoo.com:80/dbg,301,8,"https://www.yahoo.com/"
Mon Mar  8 01:36:30 2021,http://yahoo.com:80/db.gz,301,8,"https://www.yahoo.com/"
Mon Mar  8 01:36:30 2021,http://yahoo.com:80/dbi,301,8,"https://www.yahoo.com/"
Mon Mar  8 01:36:30 2021,http://yahoo.com:80/db.inc,301,8,"https://www.yahoo.com/"
Mon Mar  8 01:36:30 2021,http://yahoo.com:80/db.ini,301,8,"https://www.yahoo.com/"
Mon Mar  8 01:36:30 2021,http://yahoo.com:80/dblclk,301,8,"https://www.yahoo.com/"
Mon Mar  8 01:36:30 2021,http://yahoo.com:80/dbdump.tgz,301,8,"https://www.yahoo.com/"
Mon Mar  8 01:36:30 2021,http://yahoo.com:80/dblog.info,301,8,"https://www.yahoo.com/"
Mon Mar  8 01:36:30 2021,http://yahoo.com:80/DB_log.ldf,301,8,"https://www.yahoo.com/"
Mon Mar  8 01:36:30 2021,http://yahoo.com:80/db-full.mysql,301,8,"https://www.yahoo.com/"
Mon Mar  8 01:36:30 2021,http://yahoo.com:80/db_connect.inc,301,8,"https://www.yahoo.com/"
Mon Mar  8 01:36:30 2021,http://yahoo.com:80/db/main.mdb,301,8,"https://www.yahoo.com/"
Mon Mar  8 01:36:30 2021,http://yahoo.com:80/db.mdb,301,8,"https://www.yahoo.com/"
Mon Mar  8 01:36:30 2021,http://yahoo.com:80/dbmodules,301,8,"https://www.yahoo.com/"
Mon Mar  8 01:36:30 2021,http://yahoo.com:80/dbms,301,8,"https://www.yahoo.com/"
Mon Mar  8 01:36:30 2021,http://yahoo.com:80/db/myadmin/,301,8,"https://www.yahoo.com/"
Mon Mar  8 01:36:30 2021,http://yahoo.com:80/db/phpmyadmin/,301,8,"https://www.yahoo.com/"
Mon Mar  8 01:36:30 2021,http://yahoo.com:80/db/phpMyAdmin/,301,8,"https://www.yahoo.com/"
Mon Mar  8 01:36:30 2021,http://yahoo.com:80/db/phpmyadmin2/,301,8,"https://www.yahoo.com/"
Mon Mar  8 01:36:30 2021,http://yahoo.com:80/db/phpMyAdmin-2/,301,8,"https://www.yahoo.com/"
Mon Mar  8 01:36:30 2021,http://yahoo.com:80/dbm,301,8,"https://www.yahoo.com/"
Mon Mar  8 01:36:30 2021,http://yahoo.com:80/db.rar,301,8,"https://www.yahoo.com/"
Mon Mar  8 01:36:30 2021,http://yahoo.com:80/dbman,301,8,"https://www.yahoo.com/"
Mon Mar  8 01:36:30 2021,http://yahoo.com:80/db.sql.7z,301,8,"https://www.yahoo.com/"
Mon Mar  8 01:36:30 2021,http://yahoo.com:80/dbdump.sql.zip,301,8,"https://www.yahoo.com/"
Mon Mar  8 01:36:30 2021,http://yahoo.com:80/db.sql.bz2,301,8,"https://www.yahoo.com/"
Mon Mar  8 01:36:30 2021,http://yahoo.com:80/dbdump.tar,301,8,"https://www.yahoo.com/"
Mon Mar  8 01:36:30 2021,http://yahoo.com:80/dbdump.tar.bz2,301,8,"https://www.yahoo.com/"
Mon Mar  8 01:36:30 2021,http://yahoo.com:80/dbdump.tar.gz,301,8,"https://www.yahoo.com/"
Mon Mar  8 01:36:30 2021,http://yahoo.com:80/db.log,301,8,"https://www.yahoo.com/"
Mon Mar  8 01:36:30 2021,http://yahoo.com:80/dbdump.zip,301,8,"https://www.yahoo.com/"
Mon Mar  8 01:36:30 2021,http://yahoo.com:80/db.sql.tar.bz2,301,8,"https://www.yahoo.com/"
Mon Mar  8 01:36:30 2021,http://yahoo.com:80/db/phpMyAdmin2/,301,8,"https://www.yahoo.com/"
Mon Mar  8 01:36:30 2021,http://yahoo.com:80/db.sql.tgz,301,8,"https://www.yahoo.com/"
Mon Mar  8 01:36:30 2021,http://yahoo.com:80/db.tar,301,8,"https://www.yahoo.com/"
Mon Mar  8 01:36:30 2021,http://yahoo.com:80/db.tar.bz2,301,8,"https://www.yahoo.com/"
Mon Mar  8 01:36:30 2021,http://yahoo.com:80/db.tar.bzip2,301,8,"https://www.yahoo.com/"
Mon Mar  8 01:36:30 2021,http://yahoo.com:80/db.tar.gz,301,8,"https://www.yahoo.com/"
Mon Mar  8 01:36:30 2021,http://yahoo.com:80/db.tgz,301,8,"https://www.yahoo.com/"
Mon Mar  8 01:36:30 2021,http://yahoo.com:80/dbutil,301,8,"https://www.yahoo.com/"
Mon Mar  8 01:36:30 2021,http://yahoo.com:80/db.sql.tar,301,8,"https://www.yahoo.com/"
Mon Mar  8 01:36:30 2021,http://yahoo.com:80/dbfix/,301,8,"https://www.yahoo.com/"
Mon Mar  8 01:36:30 2021,http://yahoo.com:80/db.sql.tar.bzip2,301,8,"https://www.yahoo.com/"
Mon Mar  8 01:36:30 2021,http://yahoo.com:80/db.sql.tar.gz,301,8,"https://www.yahoo.com/"
Mon Mar  8 01:36:30 2021,http://yahoo.com:80/dc,301,8,"https://www.yahoo.com/"
Mon Mar  8 01:36:30 2021,http://yahoo.com:80/dcadmin.cgi,301,8,"https://www.yahoo.com/"
Mon Mar  8 01:36:30 2021,http://yahoo.com:80/dcforum,301,8,"https://www.yahoo.com/"
Mon Mar  8 01:36:30 2021,http://yahoo.com:80/db.sql.gz,301,8,"https://www.yahoo.com/"
Mon Mar  8 01:36:30 2021,http://yahoo.com:80/db.sqlite,301,8,"https://www.yahoo.com/"
Mon Mar  8 01:36:30 2021,http://yahoo.com:80/db.sql.rar,301,8,"https://www.yahoo.com/"
Mon Mar  8 01:36:30 2021,http://yahoo.com:80/db.sql.sql,301,8,"https://www.yahoo.com/"
Mon Mar  8 01:36:30 2021,http://yahoo.com:80/db/webadmin/,301,8,"https://www.yahoo.com/"
Mon Mar  8 01:36:30 2021,http://yahoo.com:80/db/webdb/,301,8,"https://www.yahoo.com/"
Mon Mar  8 01:36:30 2021,http://yahoo.com:80/db/websql/,301,8,"https://www.yahoo.com/"
Mon Mar  8 01:36:30 2021,http://yahoo.com:80/dealers,301,8,"https://www.yahoo.com/"
Mon Mar  8 01:36:30 2021,http://yahoo.com:80/deals,301,8,"https://www.yahoo.com/"
Mon Mar  8 01:36:30 2021,http://yahoo.com:80/debian,301,8,"https://www.yahoo.com/"
Mon Mar  8 01:36:30 2021,http://yahoo.com:80/debug,301,8,"https://www.yahoo.com/"
Mon Mar  8 01:36:30 2021,http://yahoo.com:80/debug/,301,8,"https://www.yahoo.com/"
Mon Mar  8 01:36:30 2021,http://yahoo.com:80/debug_error.jsp,301,8,"https://www.yahoo.com/"
Mon Mar  8 01:36:30 2021,http://yahoo.com:80/debug.inc,301,8,"https://www.yahoo.com/"
Mon Mar  8 01:36:30 2021,http://yahoo.com:80/debug.log,301,8,"https://www.yahoo.com/"
Mon Mar  8 01:36:30 2021,http://yahoo.com:80/debug-output.txt,301,8,"https://www.yahoo.com/"
Mon Mar  8 01:36:30 2021,http://yahoo.com:80/dealer_admin,301,8,"https://www.yahoo.com/"
Mon Mar  8 01:36:30 2021,http://yahoo.com:80/debug.py,301,8,"https://www.yahoo.com/"
Mon Mar  8 01:36:30 2021,http://yahoo.com:80/debug.txt,301,8,"https://www.yahoo.com/"
Mon Mar  8 01:36:30 2021,http://yahoo.com:80/db.zip,301,8,"https://www.yahoo.com/"
Mon Mar  8 01:36:30 2021,http://yahoo.com:80/db.sql,301,8,"https://www.yahoo.com/"
Mon Mar  8 01:36:30 2021,http://yahoo.com:80/dbdump.sql.tar,301,8,"https://www.yahoo.com/"
Mon Mar  8 01:36:30 2021,http://yahoo.com:80/dclk,301,8,"https://www.yahoo.com/"
Mon Mar  8 01:36:30 2021,http://yahoo.com:80/de,301,8,"https://www.yahoo.com/"
Mon Mar  8 01:36:30 2021,http://yahoo.com:80/dead.letter,301,8,"https://www.yahoo.com/"
Mon Mar  8 01:36:30 2021,http://yahoo.com:80/deal,301,8,"https://www.yahoo.com/"
Mon Mar  8 01:36:30 2021,http://yahoo.com:80/dealer,301,8,"https://www.yahoo.com/"
Mon Mar  8 01:36:30 2021,http://yahoo.com:80/decoder,301,8,"https://www.yahoo.com/"
Mon Mar  8 01:36:30 2021,http://yahoo.com:80/decrypt,301,8,"https://www.yahoo.com/"
Mon Mar  8 01:36:30 2021,http://yahoo.com:80/dealeradmin,301,8,"https://www.yahoo.com/"
Mon Mar  8 01:36:30 2021,http://yahoo.com:80/decryption,301,8,"https://www.yahoo.com/"
Mon Mar  8 01:36:30 2021,http://yahoo.com:80/de_DE,301,8,"https://www.yahoo.com/"
Mon Mar  8 01:36:30 2021,http://yahoo.com:80/def,301,8,"https://www.yahoo.com/"
Mon Mar  8 01:36:30 2021,http://yahoo.com:80/default,301,8,"https://www.yahoo.com/"
Mon Mar  8 01:36:30 2021,http://yahoo.com:80/Default,301,8,"https://www.yahoo.com/"
Mon Mar  8 01:36:30 2021,http://yahoo.com:80/declaration,301,8,"https://www.yahoo.com/"
Mon Mar  8 01:36:30 2021,http://yahoo.com:80/default2.php,301,8,"https://www.yahoo.com/"
Mon Mar  8 01:36:30 2021,http://yahoo.com:80/decode,301,8,"https://www.yahoo.com/"
Mon Mar  8 01:36:30 2021,http://yahoo.com:80/debug.php,301,8,"https://www.yahoo.com/"
Mon Mar  8 01:36:30 2021,http://yahoo.com:80/default_logo,301,8,"https://www.yahoo.com/"
Mon Mar  8 01:36:30 2021,http://yahoo.com:80/default_page,301,8,"https://www.yahoo.com/"
Mon Mar  8 01:36:30 2021,http://yahoo.com:80/debug.xml,301,8,"https://www.yahoo.com/"
Mon Mar  8 01:36:30 2021,http://yahoo.com:80/debug.xmlindex.vm,301,8,"https://www.yahoo.com/"
Mon Mar  8 01:36:30 2021,http://yahoo.com:80/dec,301,8,"https://www.yahoo.com/"
Mon Mar  8 01:36:30 2021,http://yahoo.com:80/decl,301,8,"https://www.yahoo.com/"
Mon Mar  8 01:36:30 2021,http://yahoo.com:80/default2.html,301,8,"https://www.yahoo.com/"
Mon Mar  8 01:36:30 2021,http://yahoo.com:80/definitions,301,8,"https://www.yahoo.com/"
Mon Mar  8 01:36:30 2021,http://yahoo.com:80/default2.txt,301,8,"https://www.yahoo.com/"
Mon Mar  8 01:36:30 2021,http://yahoo.com:80/default_icon,301,8,"https://www.yahoo.com/"
Mon Mar  8 01:36:30 2021,http://yahoo.com:80/deleted,301,8,"https://www.yahoo.com/"
Mon Mar  8 01:36:30 2021,http://yahoo.com:80/deleteme,301,8,"https://www.yahoo.com/"
Mon Mar  8 01:36:30 2021,http://yahoo.com:80/delete.php,301,8,"https://www.yahoo.com/"
Mon Mar  8 01:36:30 2021,http://yahoo.com:80/deletion,301,8,"https://www.yahoo.com/"
Mon Mar  8 01:36:30 2021,http://yahoo.com:80/delicious,301,8,"https://www.yahoo.com/"
Mon Mar  8 01:36:30 2021,http://yahoo.com:80/demo,301,8,"https://www.yahoo.com/"
Mon Mar  8 01:36:30 2021,http://yahoo.com:80/default.tpl.inc,301,8,"https://www.yahoo.com/"
Mon Mar  8 01:36:30 2021,http://yahoo.com:80/DefaultWebApp,301,8,"https://www.yahoo.com/"
Mon Mar  8 01:36:30 2021,http://yahoo.com:80/definition,301,8,"https://www.yahoo.com/"
Mon Mar  8 01:36:30 2021,http://yahoo.com:80/declarations,301,8,"https://www.yahoo.com/"
Mon Mar  8 01:36:30 2021,http://yahoo.com:80/del,301,8,"https://www.yahoo.com/"
Mon Mar  8 01:36:30 2021,http://yahoo.com:80/delete,301,8,"https://www.yahoo.com/"
Mon Mar  8 01:36:30 2021,http://yahoo.com:80/default_image,301,8,"https://www.yahoo.com/"
Mon Mar  8 01:36:30 2021,http://yahoo.com:80/decrypted,301,8,"https://www.yahoo.com/"
Mon Mar  8 01:36:30 2021,http://yahoo.com:80/deny,301,8,"https://www.yahoo.com/"
Mon Mar  8 01:36:30 2021,http://yahoo.com:80/departments,301,8,"https://www.yahoo.com/"
Mon Mar  8 01:36:30 2021,http://yahoo.com:80/deploy,301,8,"https://www.yahoo.com/"
Mon Mar  8 01:36:30 2021,http://yahoo.com:80/.deployignore,301,8,"https://www.yahoo.com/"
Mon Mar  8 01:36:30 2021,http://yahoo.com:80/demo/ejb/index.html,301,8,"https://www.yahoo.com/"
Mon Mar  8 01:36:30 2021,http://yahoo.com:80/demo.php,301,8,"https://www.yahoo.com/"
Mon Mar  8 01:36:30 2021,http://yahoo.com:80/demos,301,8,"https://www.yahoo.com/"
Mon Mar  8 01:36:30 2021,http://yahoo.com:80/_derived,301,8,"https://www.yahoo.com/"
Mon Mar  8 01:36:30 2021,http://yahoo.com:80/descargas,301,8,"https://www.yahoo.com/"
Mon Mar  8 01:36:30 2021,http://yahoo.com:80/design,301,8,"https://www.yahoo.com/"
Mon Mar  8 01:36:30 2021,http://yahoo.com:80/denglu/admin.asp,301,8,"https://www.yahoo.com/"
Mon Mar  8 01:36:30 2021,http://yahoo.com:80/desktop/index_framed.htm,301,8,"https://www.yahoo.com/"
Mon Mar  8 01:36:30 2021,http://yahoo.com:80/Desktop.ini,301,8,"https://www.yahoo.com/"
Mon Mar  8 01:36:30 2021,http://yahoo.com:80/desktopmodules,301,8,"https://www.yahoo.com/"
Mon Mar  8 01:36:30 2021,http://yahoo.com:80/desktops,301,8,"https://www.yahoo.com/"
Mon Mar  8 01:36:30 2021,http://yahoo.com:80/destinations,301,8,"https://www.yahoo.com/"
Mon Mar  8 01:36:30 2021,http://yahoo.com:80/detail,301,8,"https://www.yahoo.com/"
Mon Mar  8 01:36:30 2021,http://yahoo.com:80/details,301,8,"https://www.yahoo.com/"
Mon Mar  8 01:36:30 2021,http://yahoo.com:80/deutsch,301,8,"https://www.yahoo.com/"
Mon Mar  8 01:36:30 2021,http://yahoo.com:80/.dev/,301,8,"https://www.yahoo.com/"
Mon Mar  8 01:36:30 2021,http://yahoo.com:80/_dev,301,8,"https://www.yahoo.com/"
Mon Mar  8 01:36:30 2021,http://yahoo.com:80/designs,301,8,"https://www.yahoo.com/"
Mon Mar  8 01:36:30 2021,http://yahoo.com:80/desktop,301,8,"https://www.yahoo.com/"
Mon Mar  8 01:36:30 2021,http://yahoo.com:80/dev/,301,8,"https://www.yahoo.com/"
Mon Mar  8 01:36:30 2021,http://yahoo.com:80/dev2,301,8,"https://www.yahoo.com/"
Mon Mar  8 01:36:30 2021,http://yahoo.com:80/defaults,301,8,"https://www.yahoo.com/"
Mon Mar  8 01:36:30 2021,http://yahoo.com:80/demo2,301,8,"https://www.yahoo.com/"
Mon Mar  8 01:36:30 2021,http://yahoo.com:80/demoadmin,301,8,"https://www.yahoo.com/"
Mon Mar  8 01:36:30 2021,http://yahoo.com:80/deployment,301,8,"https://www.yahoo.com/"
Mon Mar  8 01:36:30 2021,http://yahoo.com:80/deploy.rb,301,8,"https://www.yahoo.com/"
Mon Mar  8 